{"cameraMode":{"drawMode":0,"name":"Shaded","section":"Shading Mode"},"sceneLighting":true,"audioPlay":false,"sceneViewState":{"m_AlwaysRefresh":false,"showFog":true,"showSkybox":true,"showFlares":true,"showImageEffects":true,"showParticleSystems":true,"showVisualEffectGraphs":true,"m_FxEnabled":true},"in2DMode":false,"pivot":{"x":0.11000000685453415,"y":3.443316698074341,"z":-7.760000228881836},"rotation":{"x":-0.13310813903808595,"y":-0.0013904079096391798,"z":0.0006990364636294544,"w":-0.991154670715332},"size":1.534411072731018,"orthographic":true}